CZ	22	m	2007-02-17 17:36:11
PL	35	m	2007-02-20 20:48:42
CA	23	m	2006-01-20 23:27:40
DE	18	m	2010-02-18 20:25:17
UK	22	m	2007-05-20 18:12:51
NL	25	m	2007-06-10 17:37:36
NO	22	m	2007-10-02 19:05:52
PL	25	m	2008-11-08 13:37:17
SE	21	m	2008-02-17 15:44:36
CZ	22	m	2009-04-20 20:19:38
BR	28	m	2008-03-26 22:07:17
NO	22	m	2007-10-29 08:09:03
PL	22	m	2007-03-20 19:43:32
RU	29	m	2009-06-24 19:02:28
DE	22	m	2011-01-22 19:59:48
MX	35	m	2008-06-20 20:13:41
PL	39	m	2007-12-16 14:48:02
NL	25	m	2007-07-04 13:54:07
DE	22	m	2008-03-16 15:59:52
AU	21	m	2006-07-09 07:15:36
AT	25	m	2006-03-13 02:20:47
DK	21	m	2008-09-25 19:05:43
US	34	m	2010-02-13 17:14:29
RU	24	m	2011-02-15 17:33:19
RU	21	f	2008-09-20 18:22:45
FI	22	f	2006-09-19 19:09:04
UK	19	m	2006-05-12 21:27:02
UK	39	m	2008-03-22 14:45:58
PL	20	m	2008-03-17 16:40:56
FI	19	m	2007-06-08 22:58:29
RU	19	f	2011-04-14 15:51:26
RU	23	m	2009-03-02 13:00:54
IE	22	m	2007-08-25 20:01:17
ES	22	m	2009-09-01 16:20:42
FI	16	m	2008-10-23 13:55:18
IT	23	m	2008-08-04 17:52:05
US	22	m	2005-11-11 02:30:11
CZ	19	m	2008-06-28 22:04:06
DE	19	f	2007-10-23 17:17:32
US	27	m	2008-09-03 10:08:52
UK	25	m	2005-08-22 06:45:25
PT	20	m	2009-02-04 23:05:34
HR	24	m	2008-03-16 19:26:21
PL	19	m	2007-10-29 17:34:38
US	22	m	2005-06-23 02:50:11
FR	39	m	2004-12-23 12:38:05
US	32	m	2007-04-28 04:56:08
UA	26	m	2007-08-03 00:54:57
US	20	m	2007-07-03 04:50:58
CZ	17	m	2011-03-25 22:18:48
AT	21	m	2008-01-18 11:35:36
MX	19	m	2009-04-05 19:08:55
FI	19	f	2008-05-31 20:39:53
BR	20	f	2010-08-15 16:43:20
PL	21	f	2012-05-13 11:49:27
RU	23	f	2007-06-25 06:50:04
NL	23	m	2007-07-19 01:36:59
UA	20	m	2010-07-11 12:47:05
UK	30	m	2009-03-05 21:27:47
KZ	20	m	2009-06-10 13:34:54
UA	20	m	2012-05-23 12:26:51
CL	20	f	2008-01-23 05:15:44
CA	20	f	2006-08-04 01:25:44
PL	28	m	2006-06-19 15:32:41
SE	22	m	2012-01-02 09:57:58
US	26	m	2005-04-05 19:22:25
US	22	f	2008-12-05 06:44:24
CL	29	m	2007-07-03 07:42:12
US	21	m	2004-01-24 22:35:39
AT	37	m	2008-08-09 21:53:15
US	4	m	2006-06-22 04:18:25
US	23	m	2006-04-18 23:26:52
US	28	m	2005-03-06 07:52:29
SK	23	m	2007-04-30 16:53:07
FI	18	m	2010-06-11 14:15:34
AT	27	m	2008-04-14 13:02:03
CA	17	m	2011-01-27 05:15:31
RU	19	f	2009-03-18 17:01:17
SK	24	m	2005-07-06 12:36:28
CA	23	f	2008-08-24 03:17:12
CL	18	m	2010-10-15 15:08:59
US	18	m	2011-10-26 00:15:15
ES	24	f	2009-06-16 19:00:13
UK	23	m	2006-08-05 16:14:16
RU	21	m	2009-09-18 15:47:38
FI	29	m	2005-01-27 11:23:50
DE	27	m	2005-06-16 03:10:12
NL	18	m	2010-06-20 15:11:06
FR	19	f	2007-01-20 22:47:23
RU	27	m	2006-05-23 11:26:06
SE	19	m	2008-05-16 17:09:38
UK	40	m	2006-08-03 16:37:47
FR	21	m	2006-07-23 21:17:10
FI	18	f	2008-06-09 08:30:07
PL	20	m	2007-10-14 15:40:30
IT	20	m	2008-12-14 22:54:09
PL	17	m	2012-04-17 21:47:12
PL	18	f	2007-06-05 20:38:19
FR	28	m	2006-11-25 07:36:28
DE	26	m	2007-01-05 17:02:37
US	40	m	2006-02-28 05:57:43
CZ	24	m	2006-01-24 21:42:20
SE	25	f	2007-03-27 15:45:37
AU	26	f	2008-02-06 06:42:03
IR	32	m	2008-03-27 15:31:07
US	25	m	2006-10-18 09:15:50
NO	30	m	2006-08-12 19:03:03
BY	27	m	2009-11-20 16:40:45
UK	21	m	2010-06-01 12:53:30
CL	24	m	2007-04-09 07:23:58
DE	18	m	2010-10-02 14:11:20
NL	24	f	2004-11-18 19:49:41
SE	34	m	2008-04-14 08:06:46
US	22	m	2006-04-22 02:14:45
BG	27	m	2004-09-05 00:24:54
RU	18	f	2011-03-28 18:49:49
US	22	f	2006-05-16 05:27:05
DE	25	m	2006-02-08 15:00:54
DE	22	m	2008-07-27 23:42:30
MX	100	m	2008-07-07 20:59:58
CL	23	m	2009-03-20 05:53:13
US	20	m	2006-04-16 15:58:05
UA	18	m	2009-06-20 13:14:55
BR	23	m	2007-10-25 21:28:56
UK	44	m	2012-02-22 05:51:50
US	26	f	2006-01-04 18:12:16
CZ	37	m	2005-08-04 10:14:12
DE	16	m	2010-07-11 19:51:41
US	18	m	2011-03-06 05:31:03
MX	30	m	2008-09-12 12:07:38
ES	23	f	2008-10-12 17:36:22
ID	27	m	2007-12-21 02:19:21
ES	24	m	2008-01-02 04:47:31
CZ	42	m	2007-01-30 15:00:51
PL	20	m	2011-04-28 18:03:17
RU	31	m	2011-02-26 10:15:34
PL	25	m	2010-10-22 22:22:24
CR	24	m	2009-02-26 03:07:27
RU	21	f	2009-05-21 11:00:53
US	18	m	2009-08-25 05:12:15
NL	21	m	2007-03-06 19:22:31
RU	22	m	2011-12-15 13:13:52
RU	27	m	2010-01-13 13:51:10
GR	19	m	2011-01-21 21:21:15
US	21	m	2007-07-26 22:23:39
RU	29	m	2008-08-23 12:32:34
FI	20	m	2008-07-07 19:59:10
FI	21	f	2006-11-22 15:54:19
BR	15	m	2012-04-19 21:20:31
BR	31	f	2005-11-10 16:27:15
NL	43	m	2004-08-01 19:17:56
DE	22	m	2008-02-16 10:51:25
RU	20	m	2010-02-12 18:17:33
MX	28	m	2008-05-22 23:40:13
NL	24	m	2005-12-30 17:55:06
RU	24	m	2008-03-13 17:03:57
RU	33	m	2006-11-01 20:05:03
UK	31	m	2005-01-21 12:34:10
PL	18	m	2007-02-01 11:28:52
US	24	m	2008-09-02 08:14:23
RU	27	m	2008-09-14 13:25:32
BY	18	f	2012-02-03 19:48:31
TN	23	m	2011-05-13 14:34:12
BR	27	f	2010-02-16 18:33:36
BR	23	m	2009-03-11 02:30:56
PL	41	m	2007-11-30 18:17:58
PT	22	m	2009-03-20 11:40:19
SE	24	f	2006-03-28 13:21:23
BE	46	m	2009-12-08 20:51:51
BR	20	f	2007-01-19 14:11:37
US	92	m	2007-07-19 18:31:32
BR	22	m	2009-03-15 20:38:05
BR	27	m	2008-10-25 02:51:05
MX	25	m	2010-02-21 22:26:18
ES	29	f	2005-10-13 22:19:35
NO	28	m	2010-04-15 18:33:36
SK	26	m	2008-02-28 15:41:59
US	32	m	2006-04-08 11:37:05
BR	22	f	2007-11-15 01:59:45
US	34	m	2004-12-09 19:29:11
ES	18	m	2008-08-08 01:34:08
RU	19	m	2009-03-12 16:26:13
DE	24	m	2004-10-24 20:03:51
SK	24	f	2007-07-29 12:08:14
RU	35	m	2010-02-25 11:05:29
RU	28	m	2011-07-18 05:46:49
US	27	m	2007-10-25 03:27:50
AR	24	m	2011-01-05 07:39:00
BR	21	m	2007-07-24 16:57:43
BR	15	m	2011-02-02 05:58:58
US	22	m	2006-05-31 00:27:27
MX	25	m	2008-05-01 03:55:59
CZ	23	m	2008-07-13 21:52:52
US	25	m	2004-08-13 02:23:19
PT	20	m	2012-04-26 16:29:07
HR	24	m	2006-06-20 08:04:34
RU	24	m	2007-06-01 01:17:56
BR	17	f	2011-03-23 19:54:48
UK	35	m	2007-05-05 15:44:24
FI	19	m	2006-11-24 18:08:05
UA	29	m	2006-08-26 21:39:07
PT	21	f	2009-05-02 18:15:57
HR	28	f	2006-07-31 15:27:30
MK	26	m	2007-12-11 04:10:26
US	29	m	2005-07-28 11:29:40
AU	36	m	2007-02-21 03:56:14
DE	32	m	2007-09-11 20:33:59
US	36	m	2010-04-14 00:17:10
TR	27	m	2006-07-19 20:52:01
US	26	m	2006-03-15 16:41:19
UK	24	m	2005-08-30 20:07:13
AT	24	m	2006-09-15 12:06:14
US	18	m	2008-12-23 21:56:52
US	20	f	2012-04-23 07:34:41
SE	20	m	2008-07-09 18:48:07
RU	22	m	2010-08-23 11:27:29
FI	30	m	2004-11-07 17:00:12
CA	27	m	2008-03-08 21:14:26
BR	18	m	2010-11-03 23:07:09
UK	29	m	2007-06-01 17:01:47
RU	26	m	2008-05-11 20:19:03
BR	18	f	2009-12-21 14:10:27
RU	32	m	2007-01-15 20:45:29
PL	15	f	2010-10-05 17:24:07
BR	14	m	2011-10-06 03:50:22
US	20	m	2009-12-25 07:28:16
CA	23	m	2006-11-06 08:15:41
IT	24	m	2007-06-30 22:22:54
UK	50	m	2009-09-24 17:32:17
US	25	m	2008-06-25 07:25:02
RU	22	m	2008-11-16 23:55:26
AR	25	m	2008-10-24 00:03:53
BR	27	m	2006-06-30 21:36:36
NL	48	m	2008-01-12 10:42:26
US	31	m	2007-01-18 23:27:21
US	22	m	2011-02-17 17:46:59
AU	37	m	2004-07-30 11:55:02
HU	42	m	2007-06-27 11:41:17
BR	23	m	2010-03-09 07:00:56
BR	18	m	2011-05-20 19:17:52
CA	30	f	2005-01-20 17:01:00
US	21	m	2007-06-09 01:00:50
DE	23	m	2009-09-13 17:28:33
UA	31	m	2007-02-08 20:22:53
AU	30	m	2007-03-15 12:45:53
CO	19	f	2010-09-16 06:13:49
JP	45	m	2006-01-17 15:03:06
PF	32	m	2006-10-03 20:28:40
UK	19	f	2008-09-15 23:26:03
MX	17	f	2012-03-11 19:49:49
AU	35	m	2007-02-05 13:37:18
DE	18	f	2009-01-21 22:30:16
UA	27	m	2010-02-24 11:20:55
SK	30	m	2006-05-21 10:31:23
JP	22	m	2007-08-13 12:33:51
LT	18	m	2009-06-04 19:28:03
UK	19	m	2009-07-04 17:07:25
BY	30	m	2007-10-01 12:40:45
US	22	m	2009-01-28 23:29:59
IT	30	m	2012-01-04 10:48:18
US	24	f	2005-04-15 04:29:35
