AU	21	m	2007-03-01 07:52:11
UK	20	m	2012-03-09 02:09:56
RS	25	m	2006-07-21 12:13:44
BE	22	m	2008-12-02 12:08:46
PL	21	m	2008-09-05 16:45:37
BR	23	m	2008-10-06 01:58:26
BR	18	m	2009-05-24 07:48:30
CH	18	f	2009-10-04 15:06:06
US	21	m	2009-09-16 07:05:52
UA	26	m	2007-11-02 22:02:28
BY	20	m	2011-11-09 22:53:23
FI	22	m	2006-09-12 15:20:39
NO	26	m	2006-02-05 16:09:41
PM	27	m	2008-07-07 12:22:44
PL	26	m	2007-05-15 19:05:02
BR	40	m	2007-01-23 01:08:29
PL	18	m	2011-09-25 20:06:50
PL	18	f	2007-06-05 20:38:19
PL	18	m	2011-02-18 22:27:02
US	27	m	2006-03-29 01:35:13
DE	23	m	2010-11-07 08:06:45
BE	24	m	2006-01-15 19:24:40
PL	27	m	2011-03-17 12:53:47
RU	18	f	2011-03-28 18:49:49
MX	22	f	2008-01-21 05:55:20
IN	21	m	2009-12-13 08:22:26
BR	23	m	2007-10-25 21:28:56
US	18	m	2012-05-06 22:55:23
CL	109	m	2007-12-28 07:06:18
MX	30	m	2008-09-12 12:07:38
US	26	m	2005-07-19 19:17:36
FR	24	m	2009-12-04 15:05:46
UK	19	m	2008-08-23 22:28:50
US	29	m	2004-12-13 02:05:43
FR	20	m	2010-04-13 21:33:22
HU	20	m	2006-10-26 19:59:30
PT	21	m	2010-04-15 20:13:26
PL	19	m	2012-04-10 00:58:03
PL	18	m	2007-02-01 11:28:52
US	25	m	2006-07-25 09:04:58
HU	28	m	2008-03-04 00:39:10
PH	24	f	2009-07-25 16:46:17
NL	41	m	2008-07-02 10:14:29
BR	21	m	2011-07-28 21:12:26
ZA	32	m	2006-05-04 17:01:58
BR	26	m	2005-03-26 00:45:29
BR	25	m	2008-09-21 17:02:57
AU	29	m	2010-01-05 06:26:23
BR	22	m	2011-03-13 03:11:18
US	21	m	2010-02-15 20:59:40
PL	24	f	2008-01-06 11:11:38
UK	48	m	2003-02-18 21:44:13
PL	20	m	2009-08-30 00:51:58
BR	27	m	2007-03-19 01:33:26
MX	19	m	2008-08-10 06:14:35
US	15	m	2009-12-27 01:36:45
US	30	m	2005-03-28 02:47:19
US	21	m	2008-02-13 18:06:04
NL	24	f	2006-08-14 02:18:36
JP	27	m	2010-12-11 13:17:42
NL	37	m	2004-04-03 01:43:27
BR	27	m	2005-06-15 18:45:06
IT	41	m	2011-10-25 06:16:58
DE	24	m	2008-01-03 17:44:39
UK	19	m	2007-12-14 17:15:50
NO	26	m	2008-11-11 16:31:13
UK	27	m	2006-09-10 00:53:41
SE	20	m	2008-08-07 00:08:38
PL	19	m	2008-03-16 19:18:22
US	28	m	2006-09-04 19:31:33
DE	18	f	2009-01-21 22:30:16
US	29	m	2005-12-12 21:12:07
