System of a Down	Lonely Day	US
Muse	Pressure	GB
The Chainsmokers	Something Just Like This	US
Om	State of Non-Return	US
Oasis	Morning Glory	GB
Bon Iver	29 #Strafford APTS	US
Cloud Nothings	Leave Him Now	US
Car Seat Headrest	Not What I Needed	US
Ultravox	Dancing With Tears in My Eyes	GB
Gwen Stefani	Hollaback Girl	US
Iron Maiden	The Trooper	GB
Justin Timberlake	"Can't Stop The Feeling! (Original Song From Dreamworks Animation's ""Trolls"")"	US
Red Hot Chili Peppers	Dani California	US
Maroon 5	Girls Like You (feat. Cardi B)	US
Black Eyed Peas	I Gotta Feeling	US
The Mars Volta	Inertiatic ESP	US
Catfish and the Bottlemen	Kathleen	GB
Fugees	Killing Me Softly with His Song	US
The Presidents of the United States of America	Lump	US
Millencolin	No Cigar	SE
Jimmy Eat World	The Middle	US
Billy Joel	Piano Man	US
Arctic Monkeys	Brianstorm	GB
The Stone Roses	Love Spreads	GB
Children of Bodom	In Your Face	FI
Boards of Canada	Peacock Tail	GB
System of a Down	Suite-Pee	US
Katatonia	Soil's Song	SE
Janelle Monáe	Crazy, Classic, Life	US
Alice in Chains	Hate to Feel	US
Atreyu	Right Side of the Bed	US
Coldplay	A Message	GB
Curtis Mayfield	Move On Up	US
Ladyhawke	My Delirium	NZ
Arcade Fire	Ready to Start	CA
Florence + the Machine	What Kind of Man	GB
Frank Ocean	Ivy	US
Four Tet	Two Thousand And Seventeen	GB
The White Stripes	Stop Breaking Down	US
The Flaming Lips	Do You Realize??	US
Tiamat	Cain	SE
Queen	Don't Stop Me Now - ...Revisited	GB
Pearl Jam	Smile	US
Graveyard	The Fox	SE
Courtney Barnett	Sunday Roast	AU
Hot Chip	Night and Day	GB
Eminem	River (feat. Ed Sheeran)	US
Jax Jones	Play	GB
Sum 41	With Me	CA
Foals	Electric Bloom	GB
Paolo Nutini	Last Request	GB
Radiohead	Lift	GB
Joji	TEST DRIVE	US
Japanese Breakfast	The Body Is a Blade	US
Justin Timberlake	Wave	US
Danny Ocean	Me Rehúso	US
Built to Spill	Liar	US
Stereolab	Brakhage	GB
Bullet for My Valentine	Piece Of Me	GB
DIIV	Dopamine	US
Foals	Late Night	GB
Rihanna	Disturbia	US
Maroon 5	This Love	US
Oasis	Supersonic - Remastered	GB
Bullet for My Valentine	Your Betrayal	GB
George Harrison	If Not for You	RU
Oasis	Soldier On	GB
Al Green	Take Me To The River	US
Adele	Set Fire to the Rain	GB
The Chemical Brothers	Go	GB
Journey	Open Arms	US
BROCKHAMPTON	ALASKA	US
Cyndi Lauper	All Through the Night	US
Toro y Moi	So Many Details	US
Oneohtrix Point Never	Toys 2	US
The Black Keys	Dead and Gone	US
Hozier	Jackie and Wilson	IE
James Blake	Timeless	GB
Avicii	Levels	SE
The Strokes	New York City Cops	US
