NL	25	m	2004-09-25 13:30:58
BE	22	m	2006-04-19 14:28:37
FI	29	m	2005-06-20 19:00:47
PL	35	m	2007-02-20 20:48:42
PL	25	m	2006-05-02 13:34:08
UK	24	m	2006-07-24 10:12:32
UK	24	m	2005-10-06 12:36:47
US	23	f	2004-09-06 09:56:44
PL	19	m	2009-02-16 07:43:48
US	24	m	2005-07-02 21:11:36
US	28	m	2004-08-04 04:16:26
NL	23	m	2009-05-10 14:19:28
ES	25	m	2005-02-13 12:47:41
FR	26	m	2008-04-23 15:11:57
SK	16	m	2010-08-13 14:11:01
RU	19	f	2010-11-04 20:03:27
NO	20	m	2007-08-16 23:30:05
BR	18	m	2007-10-11 02:57:10
IR	21	m	2009-07-01 12:30:40
NO	23	m	2010-04-15 16:03:08
US	20	m	2009-06-25 18:44:11
FR	26	m	2008-01-15 19:03:15
RU	25	m	2007-01-28 20:40:50
BR	22	f	2010-05-24 06:21:59
TR	20	f	2008-06-22 14:30:55
FR	26	m	2006-03-17 09:55:05
BY	25	m	2007-12-30 01:48:57
US	22	m	2009-06-08 09:45:44
AZ	22	f	2009-08-19 11:17:37
GR	23	m	2008-07-28 08:14:47
BR	23	m	2008-07-05 06:00:47
JP	23	m	2010-10-14 05:06:13
US	28	f	2008-05-09 03:25:46
PL	22	m	2008-08-04 08:55:59
SE	21	m	2005-10-06 23:52:48
BR	19	m	2009-12-27 06:11:55
IT	23	m	2009-03-14 02:11:49
RU	50	m	2007-11-02 10:35:53
RU	24	m	2011-02-15 17:33:19
BY	28	m	2008-03-14 07:49:54
BR	23	m	2009-02-11 18:49:58
US	24	m	2006-04-20 01:01:27
BY	20	m	2011-01-19 22:29:53
PL	20	f	2009-03-09 17:15:35
AU	23	m	2008-10-06 15:30:45
US	18	m	2011-09-24 19:51:53
UK	39	m	2008-03-22 14:45:58
DE	18	m	2010-10-30 09:10:26
BR	22	m	2007-04-14 20:33:58
NO	24	m	2008-05-05 00:23:31
ES	24	f	2007-01-31 14:03:24
US	23	f	2006-02-28 02:39:52
RU	27	m	2007-03-08 12:42:24
LT	20	m	2007-06-24 13:14:01
US	25	m	2005-10-05 09:30:25
RU	33	m	2010-11-30 20:14:08
AT	29	m	2005-05-21 15:58:36
FI	27	m	2007-12-03 19:59:43
NO	23	m	2009-11-28 15:40:56
BG	30	m	2006-12-13 17:25:15
RU	18	m	2010-01-23 16:00:20
BE	21	m	2010-03-03 11:12:48
US	21	f	2009-06-13 04:23:13
BY	23	m	2008-05-04 21:34:41
CH	39	m	2007-02-26 18:21:39
SE	25	m	2007-07-10 15:28:41
DE	39	m	2008-03-08 14:10:39
DE	34	m	2009-12-05 00:14:22
NL	24	m	2008-10-19 18:15:43
DE	52	m	2009-08-09 17:56:02
CZ	19	m	2008-06-28 22:04:06
US	23	m	2008-04-26 04:56:24
UK	42	m	2008-10-07 21:05:44
RU	24	m	2008-10-11 19:30:47
PT	20	m	2009-02-04 23:05:34
DO	24	m	2009-11-10 05:39:48
DE	23	m	2007-01-11 20:55:24
UA	22	m	2008-02-03 19:13:57
ES	26	m	2006-11-02 23:25:52
SE	27	m	2006-01-17 15:30:58
US	33	m	2007-03-09 09:09:04
US	27	m	2005-06-17 03:47:58
LT	21	m	2008-05-26 00:09:13
DE	23	m	2008-12-21 17:40:53
ID	19	m	2011-03-12 07:39:50
UK	34	m	2007-04-14 00:58:40
PL	29	m	2008-07-22 11:08:39
US	22	m	2005-06-23 02:50:11
BR	20	m	2008-08-30 18:02:29
AU	30	m	2006-05-19 14:34:52
BR	18	m	2009-07-07 05:07:24
BY	14	m	2010-03-13 21:14:06
IT	26	m	2005-07-22 10:35:58
RU	20	m	2008-04-07 11:13:27
CH	18	f	2009-10-04 15:06:06
CZ	21	m	2005-12-06 18:39:08
RU	21	m	2008-07-20 19:51:41
DE	28	m	2006-02-28 17:33:43
US	23	m	2006-12-11 05:52:55
FR	20	m	2011-01-16 15:45:13
UK	23	m	2009-03-17 20:27:23
HU	24	m	2006-12-18 18:09:12
US	36	m	2008-01-04 14:31:49
UK	34	m	2005-09-01 10:23:18
MX	26	m	2008-05-25 18:10:07
US	22	m	2008-09-16 02:22:15
RU	18	m	2009-07-12 13:07:41
PL	17	m	2010-09-11 12:40:08
LV	21	m	2009-04-19 12:11:53
DE	25	m	2005-08-26 23:49:23
CZ	28	m	2008-10-29 19:19:35
PL	16	m	2012-01-22 20:58:23
DE	28	m	2007-09-12 17:42:50
UK	24	m	2009-11-26 14:29:47
BY	20	m	2011-11-09 22:53:23
BR	28	m	2009-06-21 04:41:11
RU	23	f	2007-06-25 06:50:04
PL	16	f	2008-12-19 17:22:55
AU	34	m	2009-10-17 12:59:49
MX	20	m	2012-04-02 21:20:53
FR	23	m	2009-01-11 01:21:38
FR	25	m	2008-11-19 21:26:27
BR	22	m	2010-12-22 06:35:47
UA	16	m	2010-06-06 20:53:47
UA	20	m	2012-05-23 12:26:51
NL	24	m	2008-06-26 19:53:40
DE	19	f	2008-08-07 10:29:58
AR	16	m	2010-09-20 21:10:43
US	23	m	2009-05-07 22:19:15
PL	26	m	2009-11-16 11:40:45
BE	19	m	2009-02-15 10:31:24
US	15	f	2009-09-20 06:52:47
UK	27	m	2005-06-16 06:55:20
DE	23	m	2008-05-05 16:37:41
DE	22	m	2009-11-26 21:07:36
DE	18	m	2008-05-31 12:30:24
US	23	m	2007-07-12 01:10:03
US	22	f	2008-12-05 06:44:24
FI	15	m	2010-08-21 19:45:41
CL	29	m	2007-07-03 07:42:12
BR	19	m	2008-04-26 02:58:15
UK	25	m	2005-10-19 01:34:49
UK	22	m	2006-01-14 17:13:08
US	24	m	2012-05-07 21:56:25
IT	35	m	2005-09-16 00:49:02
RU	22	m	2008-04-01 11:23:10
UA	20	m	2008-01-10 13:38:02
SE	23	f	2010-08-08 14:02:20
CZ	27	m	2007-11-05 11:16:57
RU	17	m	2011-08-24 18:49:05
BR	21	f	2010-02-10 20:24:09
US	24	m	2006-07-01 00:02:27
DE	15	f	2011-02-19 22:26:59
US	26	m	2005-09-14 18:05:56
CA	16	m	2010-08-19 21:56:37
US	23	m	2006-04-18 23:26:52
PL	18	m	2009-07-11 21:05:25
JP	18	f	2010-02-16 16:12:01
CA	18	m	2011-09-01 01:54:53
RU	24	m	2007-01-08 16:32:45
CL	23	m	2010-05-28 04:07:47
FI	20	m	2009-07-09 02:12:57
PE	29	m	2006-04-30 07:23:23
RU	22	m	2005-03-30 10:29:51
NL	17	f	2010-06-17 20:29:36
AU	25	m	2009-10-10 08:07:21
DE	25	m	2009-02-08 18:12:28
DK	20	m	2006-03-17 17:30:08
LV	16	m	2011-12-18 18:06:47
DE	25	f	2007-07-30 21:52:26
US	25	m	2006-12-21 00:11:28
BR	16	m	2011-11-30 17:10:59
NL	16	m	2010-07-28 19:25:33
CR	23	m	2009-11-20 18:51:30
PL	25	f	2011-10-13 16:58:42
UA	25	m	2007-11-01 12:16:06
US	29	m	2005-07-09 09:31:07
BR	30	m	2006-02-01 00:27:12
US	18	m	2009-11-11 04:57:24
NL	28	m	2007-01-05 19:02:25
RU	23	m	2007-06-17 18:09:27
DE	29	m	2008-04-22 15:25:18
BR	21	m	2010-11-14 23:22:40
NL	19	m	2007-07-27 16:30:52
DE	17	m	2011-04-19 10:01:31
SE	34	m	2007-08-16 23:11:41
CH	27	m	2003-06-10 21:53:31
FI	15	m	2012-05-05 22:05:15
SK	23	m	2006-02-13 17:31:13
DE	21	m	2009-08-27 14:30:43
ES	19	f	2008-11-25 18:45:57
PT	44	m	2009-05-28 07:45:33
NL	19	m	2008-03-04 16:57:28
BY	19	m	2011-04-14 08:54:48
CA	17	m	2011-07-04 05:55:04
BR	16	m	2011-07-05 22:02:23
BR	21	m	2008-07-07 03:16:59
ES	26	m	2010-03-26 20:21:43
RU	21	m	2008-09-27 18:58:09
FR	21	m	2006-07-23 21:17:10
PL	22	m	2009-04-15 19:26:29
ES	28	f	2008-01-27 15:26:27
US	23	m	2010-02-14 02:29:07
US	29	f	2003-05-27 02:54:37
US	23	m	2008-08-24 06:59:17
NO	21	m	2007-04-01 20:01:34
NL	28	m	2010-07-07 10:29:31
NL	33	m	2006-09-23 09:21:45
RU	34	m	2005-01-09 08:12:30
DE	15	m	2010-07-28 16:53:56
HK	22	f	2007-02-02 13:15:57
NO	22	m	2005-02-08 17:16:33
NZ	32	f	2007-10-20 22:54:04
UA	25	m	2006-12-18 18:11:24
RU	21	m	2008-04-10 14:32:35
CL	18	m	2011-03-10 05:00:44
IL	18	f	2007-04-19 10:52:44
IR	29	m	2009-07-21 08:30:39
IT	27	m	2008-01-19 18:47:47
UA	19	f	2010-02-08 23:25:58
UK	24	m	2004-10-12 16:34:43
RU	40	m	2011-03-30 18:57:36
NO	21	m	2007-03-29 21:26:44
UK	19	m	2010-07-26 11:31:38
PL	23	m	2009-03-24 23:26:34
RU	24	m	2007-04-17 15:00:44
US	19	f	2009-03-10 21:36:44
BE	24	m	2006-01-15 19:24:40
UK	24	m	2008-01-15 00:43:13
UK	29	m	2012-03-22 03:47:38
BR	18	m	2009-10-23 01:15:25
FR	32	m	2007-07-22 13:10:32
RU	23	m	2009-01-09 14:13:15
UA	27	m	2007-10-16 13:11:24
BR	12	m	2012-02-24 03:20:05
DE	23	m	2012-01-12 18:46:50
SE	34	m	2008-04-14 08:06:46
ES	24	m	2010-02-08 14:25:25
CA	22	m	2006-01-27 22:51:35
FR	17	m	2011-12-04 14:12:04
NL	23	m	2005-09-04 15:59:40
CA	19	m	2010-11-20 16:36:45
BR	31	m	2010-03-20 22:24:44
ZA	28	m	2008-05-26 20:57:41
VE	23	m	2009-09-16 06:41:37
IL	27	m	2007-04-03 01:55:55
DE	22	m	2008-07-27 23:42:30
IE	20	m	2007-05-11 22:50:34
BE	25	m	2008-03-12 13:28:19
DE	20	m	2007-02-26 16:56:27
IT	28	m	2008-08-28 18:10:04
US	25	m	2005-06-01 03:12:42
DE	41	m	2008-12-22 13:05:24
BR	23	m	2007-10-25 21:28:56
US	25	m	2008-06-27 00:18:18
UK	23	m	2006-11-12 20:04:00
PL	20	m	2008-03-30 08:20:59
RU	24	m	2007-04-30 13:44:42
BR	15	f	2010-11-29 20:40:31
DE	33	m	2005-12-14 11:57:27
US	39	m	2005-08-25 04:32:56
BR	21	m	2008-08-27 06:35:27
BE	23	m	2009-03-12 15:21:35
NL	20	m	2007-02-06 16:07:20
BY	26	m	2008-10-04 00:56:43
RU	18	m	2010-03-12 12:19:17
PL	21	f	2012-04-06 19:08:17
UK	20	m	2011-09-19 15:37:17
DE	24	m	2007-02-25 23:50:21
PL	25	m	2011-11-04 10:27:38
DE	20	m	2011-03-14 22:49:03
AU	23	m	2006-12-27 11:29:40
ES	24	m	2008-01-02 04:47:31
BE	25	m	2007-02-16 15:57:57
BR	18	m	2010-07-28 02:06:33
RU	26	m	2007-01-04 15:35:08
UA	19	m	2010-02-25 21:30:07
CH	20	f	2010-04-17 17:16:08
NL	21	m	2008-10-11 21:27:01
DE	26	f	2007-11-23 17:36:01
BE	20	m	2007-11-19 18:18:09
RU	23	m	2008-12-17 18:22:26
FR	24	m	2009-12-04 15:05:46
RU	18	m	2009-03-20 20:05:27
PL	28	m	2007-06-07 22:41:25
SE	21	m	2007-10-18 18:54:13
SE	27	m	2005-11-01 22:27:23
NL	24	m	2006-09-20 12:12:49
US	22	m	2009-02-06 06:57:51
LV	21	m	2010-01-03 18:35:58
RU	22	m	2011-12-15 13:13:52
NO	25	m	2005-12-18 01:04:10
AU	34	m	2008-08-16 13:24:00
NL	22	m	2006-10-21 14:58:47
NO	21	m	2008-07-21 18:29:06
AU	21	m	2008-06-07 15:07:42
UK	20	f	2012-02-14 14:45:59
BY	22	m	2009-09-29 03:27:52
ES	27	m	2005-07-04 05:40:53
RU	29	m	2008-08-23 12:32:34
FR	23	m	2008-02-05 21:34:56
RU	22	m	2007-04-15 11:59:57
NL	34	m	2007-11-07 20:48:59
RO	19	f	2008-09-10 14:33:18
US	22	m	2006-01-23 07:01:04
ES	19	m	2009-01-21 20:33:55
UK	20	m	2011-08-06 19:12:45
PT	21	m	2010-04-15 20:13:26
SK	29	m	2007-12-28 14:30:17
PL	27	f	2006-01-25 14:16:21
MX	28	m	2008-05-22 23:40:13
BY	22	m	2011-01-14 23:15:32
SE	24	m	2005-12-12 09:42:27
CZ	41	m	2005-04-13 12:54:46
SG	22	f	2008-02-11 12:27:43
CZ	32	m	2009-05-02 09:23:54
TR	26	m	2006-09-27 16:54:59
BR	19	f	2010-03-31 04:58:31
RU	26	m	2009-11-28 02:12:32
US	28	m	2005-06-23 21:11:00
US	24	m	2008-09-02 08:14:23
CO	31	m	2007-03-21 19:04:07
US	23	m	2010-01-23 04:51:23
RU	37	m	2007-09-27 15:12:23
IT	22	m	2008-08-24 16:05:13
PL	19	m	2010-10-07 14:40:06
BR	16	f	2009-02-03 17:04:57
PT	19	f	2007-05-18 20:17:12
US	26	f	2007-01-11 05:04:13
BR	30	m	2004-11-30 17:26:26
PL	16	m	2007-07-07 02:24:02
PL	23	f	2009-04-09 12:51:29
US	20	m	2010-04-05 04:57:53
RU	26	m	2010-06-07 10:53:00
UK	34	m	2007-04-06 22:37:37
IE	54	m	2008-05-08 23:15:07
DE	23	m	2008-11-10 22:26:55
AQ	28	m	2004-03-18 06:45:19
DE	21	m	2007-01-04 05:37:32
BR	17	m	2010-11-05 21:57:22
US	29	f	2008-12-07 17:43:34
AT	32	m	2008-01-09 22:12:22
CZ	24	m	2007-01-04 11:01:43
US	31	m	2009-03-04 22:16:33
SE	36	m	2006-03-06 10:48:44
RS	29	m	2007-01-24 17:56:43
ES	29	f	2005-10-13 22:19:35
VN	34	m	2007-06-17 09:05:23
BR	33	m	2009-07-07 01:37:05
US	25	m	2009-05-29 08:41:39
PL	24	m	2006-02-19 13:39:17
US	15	f	2010-02-17 20:32:40
US	32	m	2006-04-08 11:37:05
IE	30	f	2006-11-21 19:22:29
FI	29	m	2004-10-18 16:19:56
US	32	m	2005-12-16 03:17:35
NL	41	m	2008-07-02 10:14:29
PH	19	m	2012-04-15 10:24:07
US	27	m	2005-02-01 22:14:03
DE	50	m	2007-10-23 18:22:29
PT	42	m	2007-05-17 20:44:24
AT	17	m	2010-08-20 11:27:52
FI	28	m	2007-03-02 16:33:34
US	22	f	2005-11-27 14:06:24
RU	29	f	2007-05-11 18:11:21
US	26	m	2006-10-23 19:38:03
AU	24	m	2006-04-26 10:28:22
NL	20	f	2007-10-23 12:57:49
BR	25	m	2010-04-01 00:25:08
PL	37	m	2005-04-09 18:53:56
GR	30	m	2005-10-15 15:54:53
US	43	m	2005-07-18 16:57:25
AT	26	m	2007-07-07 00:22:45
US	22	m	2008-11-26 21:21:41
IN	24	m	2007-04-10 06:53:21
BR	19	m	2011-06-24 00:01:11
BY	26	m	2011-03-06 17:00:25
US	22	m	2006-05-31 00:27:27
HU	19	m	2009-06-08 17:32:34
US	25	m	2009-10-26 04:39:50
NL	26	m	2006-05-07 10:30:37
PL	32	m	2008-12-29 10:10:29
US	32	m	2005-04-25 01:38:10
US	25	m	2004-08-13 02:23:19
PL	22	m	2006-05-09 14:24:03
NL	31	m	2008-05-07 12:25:56
TR	24	m	2011-11-01 10:11:17
KG	22	m	2011-04-08 19:34:37
HU	22	f	2009-03-03 21:49:38
IT	22	m	2010-02-06 13:03:22
US	31	m	2006-05-13 19:42:53
IT	33	m	2008-09-11 17:47:01
CZ	27	m	2005-06-16 23:27:20
LT	20	f	2006-07-03 09:46:28
NL	36	m	2008-12-11 13:19:14
RU	21	f	2009-12-14 18:56:10
LT	19	m	2007-04-22 15:26:27
US	20	f	2011-06-21 06:23:40
US	25	m	2004-12-10 00:04:01
US	27	m	2008-11-12 23:06:07
US	26	m	2008-08-21 09:24:45
CZ	22	m	2006-02-20 22:51:22
ES	31	m	2006-11-22 22:59:52
DE	22	f	2009-10-27 10:00:18
BR	25	m	2007-04-06 19:49:21
AU	31	m	2006-07-14 10:42:52
PL	22	m	2007-05-28 18:57:07
PL	31	m	2007-08-10 12:09:14
PL	28	f	2006-08-20 17:42:03
NL	28	m	2007-01-13 11:57:12
TR	27	m	2006-07-19 20:52:01
ES	38	m	2007-07-26 21:10:47
HU	25	m	2008-06-02 13:05:02
NZ	23	m	2007-04-23 04:48:46
BR	20	m	2008-11-19 18:35:12
US	56	m	2005-04-24 18:55:29
SK	27	m	2009-07-10 12:19:29
RU	26	m	2006-12-03 18:28:37
US	34	m	2006-12-29 06:54:19
IS	40	m	2005-01-06 02:12:47
FR	25	m	2006-03-05 20:28:29
RU	29	m	2006-09-03 16:00:31
UK	21	m	2010-08-27 20:46:16
NO	27	f	2006-11-20 14:01:07
RU	33	m	2004-04-07 03:01:04
CZ	27	m	2005-01-25 01:47:00
BR	19	f	2010-04-02 20:12:47
NL	30	m	2007-09-29 14:57:20
MX	19	m	2010-08-18 07:12:00
FI	29	m	2005-01-09 17:59:04
RU	19	m	2011-07-16 10:23:40
RU	28	m	2008-07-06 19:52:14
UK	14	m	2010-10-26 11:28:29
SE	32	m	2004-11-30 23:17:08
CZ	19	m	2011-06-26 09:48:11
US	28	m	2009-07-13 18:19:01
US	35	m	2006-08-04 17:53:25
ES	34	m	2005-02-14 10:00:40
BR	17	m	2012-01-09 05:17:42
SE	26	m	2005-01-16 19:51:24
SE	33	m	2007-01-06 22:18:45
FI	24	m	2006-05-14 12:21:08
US	19	m	2010-04-18 05:45:27
US	37	m	2005-06-09 15:44:30
SE	31	m	2005-02-13 15:06:35
US	39	m	2005-12-23 08:39:46
MX	42	m	2008-08-27 05:12:48
BR	15	m	2012-03-24 02:45:50
RU	22	m	2008-11-16 23:55:26
US	43	m	2011-11-20 05:39:16
ES	26	m	2006-01-09 13:24:58
RS	27	m	2005-09-25 21:16:00
AR	32	m	2006-09-06 20:41:48
BR	23	f	2009-10-06 21:50:17
DE	53	m	2009-07-24 13:38:56
US	22	f	2011-10-26 02:39:56
BR	20	m	2009-10-07 00:44:07
MX	25	f	2006-05-05 01:32:45
NL	48	m	2008-01-12 10:42:26
RS	25	m	2009-02-14 14:10:04
JP	27	m	2010-12-11 13:17:42
US	31	m	2007-01-18 23:27:21
DK	21	m	2008-05-10 22:12:07
US	27	f	2005-05-24 18:42:51
PL	18	f	2012-02-23 18:28:13
BE	27	m	2006-05-04 19:00:35
PH	21	f	2009-09-22 02:09:56
UK	33	f	2006-11-04 00:17:18
US	25	m	2009-04-25 08:46:17
BR	27	m	2005-06-15 18:45:06
BR	16	m	2011-12-24 21:22:20
PL	23	m	2009-01-11 17:38:13
US	24	m	2008-03-14 21:06:06
AU	21	m	2007-05-06 15:29:44
PL	16	m	2011-01-01 11:09:47
UK	34	m	2007-12-26 08:53:25
BR	17	f	2011-01-07 18:18:19
PL	21	f	2007-09-15 22:26:27
US	23	f	2006-09-27 20:47:33
PL	24	m	2011-01-16 23:39:44
PH	41	m	2007-02-04 16:10:52
NL	34	m	2005-08-15 16:54:37
PL	24	m	2005-09-22 17:01:35
AU	22	m	2007-01-12 11:13:25
UK	19	m	2008-08-15 10:35:07
DE	24	m	2009-01-21 21:50:33
NL	22	f	2009-06-21 15:46:20
FI	18	m	2010-09-29 20:44:00
KZ	28	m	2008-12-05 06:51:08
ES	48	m	2007-11-13 19:59:56
NO	30	m	2006-03-27 17:59:57
PL	16	m	2009-07-12 12:50:08
NO	26	m	2008-11-11 16:31:13
KP	106	m	2005-10-17 10:37:14
RU	18	f	2011-10-15 21:57:43
PL	28	m	2006-07-20 21:32:31
BY	20	m	2007-12-17 22:49:18
RU	20	m	2011-02-10 21:20:38
SE	20	m	2008-08-07 00:08:38
SE	30	f	2006-03-31 00:55:38
NO	29	m	2005-11-20 00:57:17
CA	33	m	2006-01-04 00:39:43
EE	25	m	2008-09-22 12:02:29
US	24	m	2006-12-22 09:29:23
PL	18	m	2011-04-22 18:12:57
PL	23	m	2008-08-12 00:34:35
PY	42	m	2012-02-12 03:11:32
DK	18	f	2009-01-29 20:20:10
CN	26	m	2006-12-25 14:34:10
BR	16	m	2010-12-04 14:54:11
DE	28	m	2012-04-19 13:35:09
UK	28	m	2005-03-12 15:57:32
HU	30	m	2007-11-04 20:07:28
DE	18	f	2009-01-21 22:30:16
AU	26	m	2004-08-31 08:00:04
RU	22	m	2009-02-16 15:24:50
EC	28	m	2008-11-25 04:12:01
BE	27	m	2011-12-29 17:24:34
BR	18	f	2010-11-28 04:00:00
ID	27	m	2009-08-07 05:27:01
US	23	f	2007-10-26 01:23:22
BR	21	m	2010-05-13 02:15:30
PL	32	m	2009-07-15 17:12:55
UK	19	m	2009-07-04 17:07:25
