Mike Shinoda	Ghosts	US
System of a Down	Lonely Day	US
Three Days Grace	Painkiller	CA
Muse	Pressure	GB
The Chainsmokers	Something Just Like This	US
AC/DC	Heatseeker	AU
Kamelot	In Twilight Hours	US
Orphaned Land	Like Orpheus	IL
Greta Van Fleet	Meet On The Ledge	US
Amorphis	Pyres On The Coast	FI
Dream Theater	Untethered Angel	US
Marduk	Viktoria	SE
The Japanese House	You Seemed so Happy	GB
Om	State of Non-Return	US
Mgła	With Hearts Toward None VII	PL
Procol Harum	A Salty Dog	GB
The Cure	Accuracy	GB
Manowar	Dark Avenger	US
Oasis	Morning Glory	GB
Manowar	Number 1	US
Sodom	Remember the Fallen	DE
Kreator	Renewal	DE
Manowar	Ride the Dragon	US
Oasis	Some Might Say	GB
King Crimson	The Hell Hounds of Krim	GB
Kasabian	Underdog	GB
Batushka	Yekteniya 3	BG
Batushka	Yekteniya 6	BG
Foals	10,000 Feet	GB
Bon Iver	29 #Strafford APTS	US
David Bowie	A New Career in a New Town	GB
Kendrick Lamar	Chapter Six	US
Tom Waits	Cinny's Waltz	US
Elliott Smith	Cupid's Trick	US
Wilco	Everyone Hides	US
Sleep	Evil Gypsy / Solomon's Theme	US
Kendrick Lamar	Fuck Your Ethnicity	US
Run the Jewels	Get It	US
Guided by Voices	Gold Star For Robot Boy	US
The Beths	Great No One	NZ
The National	Guilty Party	US
Mitski	Jobless Monday	US
David Bowie	Joe the Lion	GB
The Men	Killed Someone	US
Cloud Nothings	Leave Him Now	US
Cypress Hill	Locos	US
Car Seat Headrest	Not What I Needed	US
Cypress Hill	Oh Na Na	US
U.S. Girls	Pearly Gates	US
Interpol	Same Town, New Story	US
Melvins	Sweet Willy Rollbar	US
Talk Talk	The Rainbow	GB
Foals	White Onions	GB
Kurt Vile	Yeah Bones	US
The Rolling Stones	You Gotta Move	GB
Ultravox	Dancing With Tears in My Eyes	GB
Gwen Stefani	Hollaback Girl	US
Yellow Magic Orchestra	Technopolis	JP
Laibach	The Whistleblowers	SI
King Diamond	Haunted	DK
Candlemass	Mourners Lament	SE
Slayer	Necrophobic	US
Crimson Glory	Queen of the Masquerade	US
Van Halen	Runnin' With the Devil	US
Iron Maiden	The Trooper	GB
Ignite	Bleeding	US
Sex Pistols	Bodies	GB
Justin Timberlake	"Can't Stop The Feeling! (Original Song From Dreamworks Animation's ""Trolls"")"	US
Sia	Clap Your Hands	AU
Red Hot Chili Peppers	Dani California	US
Audioslave	Gasoline	US
Maroon 5	Girls Like You (feat. Cardi B)	US
Bush	Glycerine - Remastered	GB
Black Eyed Peas	I Gotta Feeling	US
The Mars Volta	Inertiatic ESP	US
Catfish and the Bottlemen	Kathleen	GB
Fugees	Killing Me Softly with His Song	US
The Presidents of the United States of America	Lump	US
Millencolin	No Cigar	SE
Weezer	Pork and Beans	US
Alkaline Trio	Take Lots With Alcohol	US
Lagwagon	The Cog in the Machine	US
Jimmy Eat World	The Middle	US
Disturbed	The Vengeful One	US
The Bravery	Unconditional	US
Biffy Clyro	Who's Got A Match?	GB
Lindemann	Fish On	DE
Our Last Night	Sunrise	US
Lamb of God	Cheated	US
Hatebreed	Defeatist	US
Testament	Electric Crown	US
NOFX	Hobophobic (Scared of Bums)	US
NOFX	It's My Job to Keep Punk Rock Elite	US
Billy Joel	Piano Man	US
Grave Digger	Rebellion (The Clans Are Marching) - Remastered Version	DE
Children of Bodom	Sixpounder	FI
Arctic Monkeys	Brianstorm	GB
Elton John	Candle In The Wind - Remastered 2014	GB
The Offspring	Lightning Rod	US
The Stone Roses	Love Spreads	GB
Deep Purple	Speed King - 1995 Remastered Version	GB
Explosions in the Sky	Time Stops	US
Caravan	Winter Wine	GB
Pantera	13 Steps to Nowhere	US
Black Sabbath	Back Street Kids	GB
Deep Purple	Black Night	GB
Coal Chamber	Bradley	US
Fear Factory	Byte Block	US
Slayer	Consfearacy	US
Depeche Mode	Dangerous	GB
Dethklok	Dethharmonic	US
Fear Factory	Digimortal	US
In Flames	Dismiss the Cynics	SE
System of a Down	Dreaming	US
Lacuna Coil	End of Time	IT
Black Sabbath	Eternal Idol	GB
Opeth	Faith in Others	SE
Deftones	Fist	US
Rob Dougan	Furious Angels	AU
Pantera	Good Friends and a Bottle of Pills	US
Rammstein	Herzeleid	DE
Black Sabbath	Hot Line	GB
Low Roar	I'll Keep Coming	IS
Slipknot	If Rain Is What You Want	US
Slayer	In The Name Of God	US
Children of Bodom	In Your Face	FI
Slipknot	Me Inside	US
The Black Dahlia Murder	Moonlight Equilibrium	US
Garbage	Only Happy When It Rains	US
Boards of Canada	Peacock Tail	GB
Dream Theater	Peruvian Skies	US
Type O Negative	Prelude to Agony	US
Arch Enemy	Ravenous	SE
Dethklok	Rejoin	US
Dream Theater	Repentance	US
Opeth	Reverie/Harlequin Forest	SE
Slayer	Scrum	US
Rammstein	Sehnsucht	DE
Slayer	Seven Faces	US
Garbage	Silence Is Golden	US
System of a Down	Suite-Pee	US
Sam Hulick	The Fate of the Galaxy	US
Led Zeppelin	The Lemon Song	GB
Nine Inch Nails	Underneath It All	US
Low Roar	Vampire On My Fridge	IS
Dimmu Borgir	Vredesbyrd	NO
Slipknot	XIX	US
Rage Against the Machine	Year of tha Boomerang	US
Carpathian Forest	Ghoul	NO
Katatonia	Soil's Song	SE
Janelle Monáe	Crazy, Classic, Life	US
Black Breath	Feast of the Damned	US
Alice in Chains	Hate to Feel	US
Roméo Elvis	J'ai vu	BE
Gin Wigmore	Kill Of The Night	NZ
Nirvana	Milk It	US
Ariana Grande	One Last Time	US
Grimes	REALiTi	CA
Foo Fighters	Virginia Moon	US
Jeremy Soule	From Past to Present	US
Blue Öyster Cult	Heavy Metal: The Black and Silver	US
Summoning	Northward	AT
Judas Priest	Delivering the Goods	GB
Amon Amarth	Free Will Sacrifice	SE
Die Ärzte	1/2 Lovesong	DE
HammerFall	Glory to the Brave	SE
Eminem	8 Mile	US
Atreyu	Becoming the Bull	US
Eminem	Like Toy Soldiers	US
Atreyu	Right Side of the Bed	US
Led Zeppelin	Rock and Roll - Remaster	GB
LANDMVRKS	Scars (feat. Florestan Durand)	FR
Killswitch Engage	This Fire	US
Steel Panther	Wasted Too Much Time	US
Flo Rida	Whistle	US
The Sisters of Mercy	A Rock and a Hard Place	GB
Coldplay	A Message	GB
Savage Garden	Affirmation	AU
Of Monsters and Men	Ahay	IS
Coldplay	Birds	GB
Commodores	Brick House	US
Kaleo	Broken Bones	IS
Metric	Dark Saturday	CA
Baroness	Eula	US
God Is An Astronaut	Forever Lost	IE
The xx	Islands	GB
Air	Le Voyage de Pénélope	FR
Curtis Mayfield	Move On Up	US
Stardust	Music Sounds Better With You	FR
Ladyhawke	My Delirium	NZ
Chevelle	Panic Prone	US
Tool	Part of Me	US
Arcade Fire	Ready to Start	CA
PVRIS	St. Patrick	US
The Moth Gatherer	The Drone Kingdom	SE
Florence + the Machine	What Kind of Man	GB
Drake	Blem	CA
Frank Ocean	Ivy	US
Rufus Wainwright	The Art Teacher	CA
Four Tet	Two Thousand And Seventeen	GB
Souls of Mischief	93 'til Infinity	US
$uicideboy$	Carrollton	US
Death Grips	Come Up and Get Me	US
BROCKHAMPTON	HEAVEN BELONGS TO YOU	US
Kendrick Lamar	How Much a Dollar Cost	US
Flying Lotus	Never Catch Me	US
The White Stripes	Stop Breaking Down	US
Jay Rock	Wow Freestyle (feat. Kendrick Lamar)	US
Against All Logic	You Are Going To Love Me And Scream	US
TR/ST	Colossal	CA
The Flaming Lips	Do You Realize??	US
FaltyDL	Drugs	US
The Kills	Echo Home	GB
Rome	Feindberührung	LU
Damaged Bug	Jet in Jungle	US
Orbital	Kinetic 2017	GB
Godspeed You! Black Emperor	Mladic	CA
Mini Mansions	Monk	US
Kim Gordon	Murdered Out	US
Floating Points	Nuits Sonores	GB
Ministry	Revenge	US
Electric Wizard	Satanic Rites of Drugula	GB
Hot Snakes	Six Wave Hold-Down	US
Telefon Tel Aviv	The Birds	US
Duran Duran	The Reflex	GB
Blood Orange	Vulture Baby	GB
Grace Jones	Williams Blood	US
Genesis	Land Of Confusion - 2007 Digital Remaster	GB
Caravan Palace	Brotherswing	FR
Swing Republic	Crazy in Love - Electro Swing Version	DK
Pendulum	Crush	AU
Melanie Martinez	Nurse's Office	US
Greta Van Fleet	Rolling In The Deep - Recorded At Spotify Studios NYC	US
Death in Vegas	Scorpio Rising	GB
She Wants Revenge	These Things	US
Run the Jewels	Call Ticketron	US
We Hunt Buffalo	21st Century Schizoid Man	CA
Machine Head	A Farewell to Arms	US
Mastodon	Bedazzled Fingernails	US
Paradise Lost	Beneath Broken Earth	GB
Tiamat	Cain	SE
Metallica	Dirty Window	US
Queen	Don't Stop Me Now - ...Revisited	GB
Soundgarden	Drawing Flies	US
Wardruna	Fehu - Skaldic Version	NO
Monster Magnet	Ghost Story	US
Pearl Jam	Go (Remastered)	US
Paradise Lost	Medusa	GB
Mastodon	Octopus Has No Friends	US
Soen	Orison	SE
Buffalo Fuzz	Perfect Man	US
Mastodon	Quintessence	US
Woods of Ypres	Retrosleep in the Morning Calm	CA
Soundgarden	She Likes Surprises	US
Pearl Jam	Smile	US
Neil Finn	Song Of The Lonely Mountain	NZ
Black Label Society	Stillborn	US
Silverchair	Suicidal Dream - Remastered	AU
Alice in Chains	Swing on This	US
Graveyard	The Fox	SE
Serj Tankian	The Unthinking Majority	US
Carter Burwell	Two Such Souls	US
Graveyard	Walk On	SE
Riverside	Wasteland	PL
Queen	We Are The Champions - Live Aid	GB
Blur	Bugman	GB
Low Roar	Don't Be so Serious	IS
The Handsome Family	Far From Any Road	US
Dungen	Fredag	SE
Paramore	Ignorance	US
Puscifer	Life of Brian (Apparently You Haven't Seen)	US
Descendents	M-16	US
The Black Dahlia Murder	Nocturnal	US
Justice	On'n'on	FR
Vince Staples	Party People	US
Kavinsky	Roadgame	FR
Skrillex	Scary Monsters and Nice Sprites	US
MISSIO	Sing To Me	US
Eddie Vedder	Sleeping By Myself	US
Courtney Barnett	Sunday Roast	AU
Opeth	The Garroter	SE
Parcels	Withorwithout	AU
Hot Chip	Night and Day	GB
Teen Daze	Autumnal	CA
Teen Daze	Carmel	CA
Japanese Breakfast	Essentially	US
Within Temptation	Firelight	NL
Ed Carlsen	Hundrede Træer	IT
City Girl	Ji-Eun's Sunset	US
Édith Piaf	La vie en rose	FR
Korn	Narcissistic Cannibal (feat. Skrillex & Kill The Noise)	US
Justin Nozuka	Nest	US
Clint Mansell	The Last Man	GB
U2	Zooropa	IE
Adele	Hometown Glory	GB
Frank Ocean	Pink + White	US
Frank Ocean	Seigfried	US
George Clanton	You Lost Me There	US
Hayley Kiyoko	Sleepover	US
P!nk	Sober	US
Bonobo	Flashlight	GB
The Prodigy	Poison (Remastered)	GB
Eminem	River (feat. Ed Sheeran)	US
The Prodigy	Shoot Down	GB
Sub Focus	Trouble	GB
The Barr Brothers	You Would Have to Lose Your Mind	CA
nohidea	entheogen	AT
Slum Village	Fall In Love - Instrumental	US
Queen	Flash - Single Version	GB
Tall Black Guy	From Home, to Work, and Back..	US
Jax Jones	Play	GB
Von wegen Lisbeth	Lisa	DE
Zugezogen Maskulin	Plattenbau O.S.T.	DE
Anthrax	Bring Tha Noize	US
Beartooth	Burnout	US
Heaven Shall Burn	Downshifter	DE
Soilwork	Enemies In Fidelity	SE
Johnny Cash	Folsom Prison Blues - Live at Folsom State Prison, Folsom, CA - January 1968	US
Iggy Pop	Free	US
The Baseballs	I Don't Feel Like Dancin'	DE
Soilwork	Mercury Shadow	SE
Thy Art Is Murder	Reign of Darkness	AU
Millencolin	SOS	SE
Periphery	Stranger Things	US
Sum 41	With Me	CA
Senses Fail	You're Cute When You Scream	US
Foals	Electric Bloom	GB
Fleet Foxes	Meadowlarks	US
Shallou	All Your Days	US
Ra Ra Riot	Belladonna	US
Leon Bridges	Beyond	US
Andrew Bird	Bloodless	US
Marissa Nadler	Blue Vapor	US
Phantom Planet	California - Tchad Blake Mix	US
Panda Bear	Dolphin	US
Rubblebucket	Fruity	US
Guided by Voices	Game of Pricks	US
Duran Duran	Hungry Like the Wolf - 2009 Remaster	GB
Paolo Nutini	Last Request	GB
Radiohead	Lift	GB
Sara Bareilles	Love Song	US
Florist	M	US
Metric	Monster Hospital	CA
Men I Trust	Norton Commander (All We Need)	CA
Jenny Hval	Ordinary (feat. Vivian Wang and Félicia Atkinson)	NO
Stan Forebee	Perfect Your Own	AU
The Blaze	Queens	FR
Cat Power	Sea of Love	US
Len	Steal My Sunshine - Single Version	CA
Joji	TEST DRIVE	US
Japanese Breakfast	The Body Is a Blade	US
Miguel	waves - Tame Impala Remix	US
Loscil	Anthropocene	CA
Nils Frahm	The Whole Universe Wants To Be Touched	DE
Ratatat	Bob Gandhi	US
Underoath	Ihateit	US
Cellar Darling	Insomnia	CH
Monuments	Leviathan	GB
Alter Bridge	One By One	US
Long Distance Calling	Out There	DE
Periphery	Prayer Position	US
If These Trees Could Talk	The Gift of Two Rivers	US
Ruby the Hatchet	Tomorrow Never Comes	US
Graveyard	Uncomfortably Numb	SE
Bruce Springsteen	Adam Raised a Cain	US
Mogwai	I Know You Are But What Am I?	GB
Great Lake Swimmers	In A Certain Light	CA
Nine Inch Nails	Letting You	US
Julie Byrne	Natural Blue	US
Nick Drake	Northern Sky	GB
Alexi Murdoch	Orange Sky	GB
The National	Squalor Victoria (Live In Brussels)	US
Coldplay	Trouble In Town	GB
Anna Kendrick	True Colors	US
Gamma Ray	All of the Damned	DE
Mercyful Fate	Melissa	DK
Abbath	Ocean of Wounds	NO
Robert Parker	Running Wild	US
Scandroid	Salvation Code	US
Gamma Ray	Somewhere Out In Space	DE
Iced Earth	The Last Laugh	US
Genesis	Turn It On Again	GB
Dream Theater	Viper King	US
Kreator	World Anarchy	DE
Christian Löffler	A Forest	DE
Milky Chance	Alive	DE
Roger Waters	Amused to Death	GB
Bon Iver	Beach Baby	US
Michael Kiwanuka	Cold Little Heart	GB
Dirty Projectors	Death Spiral	US
The War on Drugs	Knocked Down	US
Oh Wonder	Lose it	GB
Matthew And The Atlas	Pyres	GB
Lisa Hannigan	Swan	IE
Of Monsters and Men	Thousand Eyes	IS
Lusine	Ticking Hands	US
Boy	Waitress	DE
Lemon Jelly	The Staunton Lick	GB
Blind Guardian	Battle of Sudden Flame	DE
Ry x	Hounds	AU
London Grammar	Leave the War With Me	GB
God Is An Astronaut	Shining Through	IE
Fleetwood Mac	Silver Springs	GB
Justin Timberlake	Supplies	US
The Acid	Veda	GB
Justin Timberlake	Wave	US
Japanese Breakfast	12 Steps	US
This Will Destroy You	Clubs	US
The Japanese House	Cool Blue	GB
No Doubt	Ex-Girlfriend	US
My Chemical Romance	Helena (So Long & Goodnight)	US
Chet Baker	I Fall In Love Too Easily - Vocal Version	US
Danny Ocean	Me Rehúso	US
Crumb	Part III	US
Nelly	Ride Wit Me	US
Galantis	Runaway (U & I)	SE
Avicii	You Make Me	SE
Peter Broderick	Eyes Closed And Traveling	US
The Concretes	You Can't Hurry Love	SE
The Cinematic Orchestra	Child Song	GB
Atoms for Peace	Judge Jury and Executioner	US
The Notwist	One With the Freaks	DE
Boards of Canada	Sick Times	GB
Grizzly Bear	Cheerleader	US
Sharon Van Etten	I Know	US
Sharon Van Etten	Malibu	US
Angel Olsen	Spring	US
Belzebong	Bong Thrower	PL
Dismember	Skinfather	SE
Ólafur Arnalds	3055	IS
Mono	Dream Odyssey	JP
Julien Baker	Even	US
Basement	Just a Life	GB
Waxahatchee	La Loose	US
Julie Byrne	Melting Grid	US
Yung Lean	Red Bottom Sky	SE
J Balvin	Machika	CO
Built to Spill	Liar	US
Dan Auerbach	Livin' in Sin	US
Nick Drake	From the Morning	GB
Charly Bliss	Black Hole	US
Jerry Paper	Grey Area	US
Archspire	Kairos Chamber	CA
Streetlight Manifesto	Linoleum	US
Stereolab	Miss Modular	GB
The Jesus Lizard	Monkey Trick	US
Bad Religion	Sinister Rouge	US
Minutemen	Toadies	US
Cass McCombs	Tying Up Loose Ends	US
Emperor	Decrystallizing Reason	NO
Thundercat	Tokyo	US
Immolation	Above All	US
Vio-Lence	Bodies on Bodies	US
Augury	Carrion Tide	CA
Earth	Cats on the Briar	JP
Gorod	Chandra and the Maiden	FR
Between the Buried and Me	Condemned to the Gallows	US
Shadow Of Intent	Dirge of the Void	US
Beaten to Death	Grind Korn	NO
Deicide	In Hell I Burn	US
Ben Folds Five	Smoke	US
Harakiri for the Sky	Stillborn	AT
Panopticon	The Moss Beneath The Snow	US
Four Tet	Ribbons	GB
Moonspell	Desastre	PT
Ektomorf	The Prophet of Doom	HU
Eluveitie	The Raven Hill	CH
Vulfpeck	1612	US
Stereolab	Brakhage	GB
Mild High Club	Tesselation	US
Alle Farben	Fading	DE
Ramin Djawadi	Heart-Shaped Box (From Westworld: Season 2)	DE
Necrophagist	Advanced Corpse Tumor	DE
Manowar	All Men Play On Ten	US
Dimmu Borgir	Arcane Lifeforce Mysteria	NO
Nightwish	Astral Romance	FI
Whitechapel	Breeding Violence	US
Testament	Cold Embrace	US
Dimmu Borgir	Da den kristne satte livet til	NO
At the Gates	Daggers of Black Haze (Feat. Rob Miller)	SE
Nightwish	Dead to the World	FI
Morbid Angel	Dreaming	US
Warrel Dane	Ethereal Blessing	US
Helloween	Falling Higher	DE
Amorphis	Forgotten Sunrise	FI
Morbid Angel	He Who Sleeps	US
Cradle of Filth	Heaven Torn Asunder	GB
Sodom	Hellfire	DE
Judas Priest	Hot for Love	GB
Sodom	Hunting Season	DE
In Flames	Jester Script Transfigured	SE
Avatar	King's Harvest	SE
Architects	Left With A Last Minute	GB
Entombed	Living Dead	SE
Monstrosity	Maelstrom	US
Deicide	Misery of One	US
Periphery	Motormouth	US
Rush	Mystic Rhythms	CA
Marduk	On Darkened Wings	SE
Cradle of Filth	One Final Graven Kiss	GB
Aborted	Ophiolatry On a Hemocite Platter	BE
Bullet for My Valentine	Piece Of Me	GB
Insomnium	Resonance	FI
Dream Theater	Scene Six: Home	US
Cathedral	Serpent Eve	GB
Stratovarius	Stratofortress	FI
Ill Niño	Te Amo...I Hate You	US
Jinjer	Teacher, Teacher!	UA
Tenacious D	The Ballad of Hollywood Jack and the Rage Kage	US
Borknagar	The Black Token	NO
Absu	The Cognate House Of Courtly Witches Lies West Of County Meath	US
Linkin Park	The Little Things Give You Away	US
Morbid Angel	The Pillars Crumbling	US
Amaranthe	The Score	SE
Coheed and Cambria	The Willing Well IV: The Final Cut	US
Rise Against	This Is Letting Go	US
Cradle of Filth	To Eve the Art of Witchcraft	GB
Ensiferum	Twilight Tavern	FI
Insomnium	Twilight Trails	FI
Linkin Park	Until It's Gone	US
Six Feet Under	War is Coming	US
Breaking Benjamin	You Fight Me	US
Beach House	10 Mile Stereo	US
Broken Social Scene	1972	CA
The Cure	A Night Like This	GB
Van Morrison	Astral Weeks	IE
Morphine	Candy	US
Smog	Cold Blooded Old Times	US
DIIV	Dopamine	US
Lithics	Excuse Generator	US
Black Pumas	Fire	US
Shuggie Otis	Inspiration Information	US
Karen O	Nox Lumina	US
Aretha Franklin	See Saw	US
Sunny Day Real Estate	Seven	US
The Black Keys	She Said, She Said	US
Parquet Courts	Slide Machine	US
Wipers	So Young	US
Anderson .Paak	Sweet Chick (feat. BJ the Chicago Kid)	US
The Sonics	The Witch	US
John Frusciante	With No One	US
Plastic Bertrand	Ça plane pour moi	BE
Twisted Sister	I Wanna Rock	US
Devo	Uncontrollable Urge	US
Placebo	Bulletproof Cupid	GB
Allegaeon	Gravimetric Time Dilation	US
Agalloch	Hallways of Enchanted Ebony	US
Foals	Late Night	GB
Amesoeurs	Les ruches malades	FR
Samael	Moongate	CH
Agalloch	Our Fortress Is Burning... I	US
Enigma	Return to Innocence	DE
Placebo	Rob the Bank	GB
Anathema	Sentient	GB
The Gathering	Souvenirs	CA
Placebo	Swallow	GB
Thy Catafalque	Szamojéd freskó	HU
Bark Psychosis	The Loom	GB
Gesaffelstein	Viol	FR
Per Magnusson	Erin's Waltz	SE
Julia Michaels	Heaven	US
Kim Petras	I Don't Want It at All	US
Ludovico Einaudi	Monday	IT
daigo hanada	Solitude	JP
Rihanna	Disturbia	US
Rihanna	Love The Way You Lie (Part II) - Pt. 2	US
Tinashe	Me So Bad	US
Maroon 5	This Love	US
Machine Gun Kelly	Bad Things (with Camila Cabello)	US
Cold	Bleed	US
Hellyeah	Oh My God	US
Oasis	Supersonic - Remastered	GB
Linkin Park	Wastelands	US
Bullet for My Valentine	Your Betrayal	GB
Harold Budd	Against The Sky - 2005 Digital Remaster	US
Ryan Adams	Come Pick Me Up	US
Kodaline	Head Held High	IE
George Harrison	If Not for You	RU
Robyn	None of Dem	SE
David Sylvian	Orpheus - Remastered 2003	GB
Yann Tiersen	Stang al Laedroun	FR
Brian Eno	Stars - Remastered 2005	GB
Sigur Rós	Hrafntinna	IS
Liam Gallagher	Paper Crown	GB
Oasis	Soldier On	GB
Health	Dark Enough	US
Northlane	Details Matter	AU
Health	NC-17	US
PVRIS	Nightmare	US
Crown the Empire	Sudden Sky	US
Don Broco	Tightrope	GB
Sigur Rós	Var	IS
LP	Into the Wild	US
Myrkur	Skøgen Skulle Dø	DK
Dance With The Dead	Screams and Whispers	US
Neon Nox	Twisted Getaway - Original Mix	SE
The Lonely Island	I'm On A Boat	US
Metronomy	Love's Not an Obstacle	GB
Blondie	Denis	US
Justin Timberlake	Summer Love	US
The Who	The Kids Are Alright	GB
Supertramp	The Logical Song	GB
Soda Stereo	De Música Ligera - Remasterizado 2007	AR
The Dead Weather	Rocking Horse	US
Rusko	Everyday (Netsky Remix)	US
Al Green	Take Me To The River	US
Logistics	Together	GB
Four Tet	Circling	GB
Dismember	Hallucigenia	SE
Panda Bear	Tomboy	US
Flamingosis	Down For The Fifth Time	US
Kim Petras	Everybody Dies	US
David Bowie	Moonage Daydream - 2012 Remastered Version	GB
The Soft Moon	Breathe The Fire	US
Death Cab for Cutie	Cath...	US
H.U.V.A. Network	Dissolving Time	FR
Paradise Lost	Grey	GB
Marilyn Manson	Heart-Shaped Glasses (When the Heart Guides the Hand)	US
The Pineapple Thief	In Exile	GB
Carbon Based Lifeforms	Photosynthesis	SE
Sleep Party People	Poor Leno	DK
Scattle	Relay	US
Portico Quartet	Ruins	GB
Gorgoroth	Satan-Prometheus	NO
Luis Fonsi	Despacito - Remix	PR
Adele	Set Fire to the Rain	GB
The Chemical Brothers	Go	GB
Russian Circles	Afrika	US
Hante.	In Cold Water	FR
New Order	Leave Me Alone - 2015 Remastered Version	GB
Clan of Xymox	Loneliness	NL
Slowdive	Moussaka Chaos - Single Version	GB
Link Wray	Rumble	US
Ritual Howls	Scatter The Scars	US
Slowdive	Some Velvet Morning	GB
Lebanon Hanover	The Moor	DE
Editors	Violence	GB
Bruce Springsteen	No Surrender	US
Angel Olsen	If It's Alive, It Will	US
Stereolab	Les Yper-sound	GB
Cliff Martinez	I Drive	US
Bent	I Love My Man	GB
Bob Dylan	Knockin' on Heaven's Door	US
Sufjan Stevens	O Come O Come Emmanuel	US
João Gilberto	Saudade Fez um Samba	BR
Rihanna	Te Amo	US
坂本龍一	Amore	JP
The Killers	Bling (Confession of a King)	US
Madonna	Burning Up	US
Jorja Smith	On My Mind (Jorja Smith X Preditah)	GB
Journey	Open Arms	US
Sade	The Big Unknown	GB
New Kids on the Block	You Got It (The Right Stuff)	US
BROCKHAMPTON	ALASKA	US
Cyndi Lauper	All Through the Night	US
Carly Rae Jepsen	Body Language	CA
Cocteau Twins	Ivo	GB
Carly Rae Jepsen	Let's Get Lost	CA
JPEGMAFIA	My Thoughts On Neogaf Dying	US
Lyre le temps	Hold the Night	FR
Feist	So Sorry	CA
Burial	Ashtray Wasp	GB
Mystik	Gallows Hill	SE
Anaal Nathrakh	Hold Your Children Close and Pray for Oblivion	GB
Portal	Nth	GB
Ott	Owl Stretching Time	GB
Emmure	Flag Of The Beast	US
Lamb of God	Still Echoes	US
AnnenMayKantereit	21, 22, 23	DE
The Wombats	Black Flamingo	GB
Thirty Seconds to Mars	Dawn Will Rise	US
Japandroids	Fire's Highway	CA
Sufjan Stevens	In This Temple as in the Hearts of Man for Whom He Saved the Earth	US
Animal Collective	Loch Raven	US
Toro y Moi	So Many Details	US
Title Fight	Society	US
The Smiths	Cemetry Gates	GB
Tom Waits	I'll Take New York	US
Mantar	Age of the Absurd	DE
Perfect	Chcemy być sobą	PL
Leonard Cohen	Darkness	CA
Perturbator	Desire (Feat. Greta Link)	FR
King Dude	Devil Eyes	US
Blood Ceremony	Goodbye Gemini	CA
Queensrÿche	I Don't Believe In Love - Remastered 2003	US
Steely Dan	Kings	US
Taake	Myr	NO
U.D.O.	One Heart One Soul	DE
Lorne Balfe	Princess Margaret	GB
White Lion	Radar Love	US
Deep Purple	Space Truckin' - Remastered 2012	GB
Ufomammut	Superjunkhead	IT
Megadeth	Sweating Bullets - 2004 Digital Remaster	US
Porno for Pyros	Tahitian Moon	US
John Williams	The Battle of Crait	US
Belzebong	The Bong of Eternal Stench	PL
Motörhead	The Chase Is Better Than the Catch	GB
Nevermore	We Disintegrate	US
John McLaughlin	You Know, You Know	US
Oneohtrix Point Never	Age Of	US
Oneohtrix Point Never	Same	US
Oneohtrix Point Never	Toys 2	US
James	Getting Away With It (All Messed Up)	GB
Luttrell	Into Clouds	US
Primal Scream	Loaded - Edit	GB
Chromatics	Blue Girl (Say Goodbye)	US
The Cinematic Orchestra	Lessons	GB
Albert Hammond, Jr.	More to Life	US
Low	Violence	US
Kedr Livanskiy	Your Need (Твоя Беда)	RU
Orchestral Manoeuvres in the Dark	Enola Gay	GB
Childish Gambino	Baby Boy	US
Mick Harvey	Out of Time Man	AU
BADBADNOTGOOD	Confessions	CA
N.W.A	Fuck tha Police	US
Nirvana	Mr. Moustache	US
Hollywood Undead	Riot	US
Johnny Winter	Rock Me Baby	US
Fort Minor	Welcome	US
Within Temptation	What Have You Done (feat. Keith Caputo)	NL
Charles Trenet	La mer	FR
Anna von Hausswolff	Liturgy of Light	SE
Coven	Wicked Woman	US
Neurosis	Zero	US
The Amazons	In My Mind	GB
Circle Jerks	Back Against the Wall	US
Sam Cooke	Chain Gang - Remastered	US
Drab Majesty	Ellipsis	US
The Cramps	I Can't Hardly Stand It	US
The Jam	I've Changed My Address	GB
Reverend Horton Heat	Psychobilly Freakout	US
Allah-Las	Sacred Sands	US
Ian Dury	Sex & Drugs & Rock & Roll	GB
Minor Threat	Sob Story	US
The Cure	The Drowning Man	GB
Misfits	Vampira	US
Counterparts	Arms Like Teeth	CA
Paramore	Forgiveness	US
FKJ	Go Back Home	FR
BANKS	Judas	US
Sofi Tukker	Mi Rumba	US
Anderson .Paak	Miss Right	US
Counterparts	Separate Wounds	CA
Crossfaith	Make a Move	JP
Preoccupations	Fever	CA
Blue Stahli	Anti You	US
Fall Out Boy	Calm Before the Storm	US
Red Hot Chili Peppers	Did I Let You Know	US
Maroon 5	Feelings	US
Eminem	Hello	US
Simple Plan	Shut Up!	CA
Eminem	Space Bound	US
Simple Plan	Take My Hand	CA
Bad Religion	The Streets of America	US
Cage the Elephant	The War is Over	US
Earthless	Black Heaven	US
Thy Art Is Murder	Dear Desolation	AU
Ringworm	Death Becomes My Voice	US
Charly Bliss	Gatorade	US
Oingo Boingo	Gratitude	US
Jawbreaker	Indictment	US
The Promise Ring	Is This Thing On?	US
The Promise Ring	Why Did Ever We Meet	US
Marissa Nadler	All Out of Catastrophes	US
Leftfield	Release the Pressure	GB
Moonspell	At Tragic Heights	PT
Bonobo	Ghost Ship	GB
Lewis Capaldi	One	GB
Dissection	The Somberlain	SE
Jack White	Abulia and Akrasia	US
SZA	Broken Clocks	US
Ahmad Jamal	Poinciana	US
Stan Getz	Saudade Vem Correndo	US
ROSALÍA	Si Tú Supieras Compañero	ES
Defeater	I Don't Mind	US
Wavves	My Head Hurts	US
Ultimate Painting	Ultimate Painting	GB
Smith Westerns	Weekend	US
Allegaeon	Parthenogenesis	US
Misery Index	Sentinels	US
Beyond Creation	Sous La Lueur De l'Empereur	CA
B.J. Thomas	Raindrops Keep Falling on My Head	US
a-ha	Stay On These Roads	NL
The Black Keys	Dead and Gone	US
Hozier	Jackie and Wilson	IE
Temples	Oh The Saviour	GB
Elliott Smith	Southern Belle	US
Broken Bells	Vaporize	US
Natalia Przybysz	Nazywam się niebo	PL
Standing On The Corner	Girl	US
Nick Hakim	Green Twins	US
Holy	Heard Her	SE
Cass McCombs	Morning Star	US
Rae Sremmurd	Powerglide (feat. Juicy J) - From SR3MM	US
The Flaming Lips	Silver Trembling Hands	US
Pond	The Weather	AU
Buckethead	For Mom	US
Buckethead	Ghost	US
The Antlers	Corsicana	US
Interpol	Leif Erikson	US
Frightened Rabbit	Poke	GB
Rodney Crowell	Frankie Please	US
Stanley Clarke	School Days	US
Dying Fetus	Seething With Disdain	US
Wolves in the Throne Room	Vastness and Sorrow	US
Electric Youth	WeAreTheYouth	CA
The Algorithm	Trojans	FR
Megadeth	Kick the Chair	US
Motörhead	Dance	GB
Nicki Minaj	Hard White	US
E Nomine	Vater Unser	DE
Arch Enemy	Shadow On the Wall - cover version	SE
The Dave Brubeck Quartet	Kathy's Waltz	US
Ramones	53rd & 3rd	US
Green Day	Dominated Love Slave	US
Green Day	Paper Lanterns	US
The Interrupters	You're Gonna Find A Way Out	US
Wand	Bubble	US
Michael Kiwanuka	Final Days	GB
Taylor Swift	King of My Heart	US
We Are Scientists	One In One Out	US
Anderson .Paak	Reachin' 2 Much (feat. Lalah Hathaway)	US
The 1975	The Man Who Married a Robot / Love Theme	GB
Brittany Howard	Tomorrow	GR
Travis Scott	WAKE UP	US
M83	Goodbye Captain Lee	FR
Steve Lacy	Ryd	US
Kaytranada	TRACK UNO	CA
James Blake	Timeless	GB
Amnesia Scanner	AS Another Life	DE
Ariel Pink	Stray Here with You	US
Deströyer 666	Lone Wolf Winter	AU
Ulver	Østenfor sol og vestenfor maane	NO
Scott Walker	Boy Child	GB
Scott Walker	It's Raining Today	GB
Big Star	O My Soul	US
Low	Spanish Translation	US
clipping.	Haunting (interlude)	US
TTNG	Panda	GB
Com Truise	When Will You Find the Limit…	US
VNV Nation	All Our Sins	DE
The White Stripes	A Boy's Best Friend	US
Parcels	Lightenup (Breakbot Remix)	AU
The White Stripes	Little Acorns	US
Parquet Courts	Sunbathing Animal	US
Norah Jones	The Nearness of You	US
Tom Misch	Your Love	GB
Grimes	† River †	CA
Allegaeon	Animate	US
Bad Religion	Beyond Electric Dreams	US
Aerosmith	Livin' on the Edge	US
Der Weg einer Freiheit	Repulsion	DE
Wilderun	Sleeping Ambassadors of the Sun	US
Summoning	The Loud Music of the Sky	AT
King Crimson	Eyes Wide Open	GB
Ghost	It's a Sin	SE
Benjamin Francis Leftwich	Butterfly Culture	GB
Motörhead	Devils in My Head	GB
Primus	Pudding Time	US
Incubus	Talk Shows on Mute	US
Limp Bizkit	The Truth	US
Feargal Sharkey	A Good Heart	GB
Alphaville	Big in Japan - Remaster	DE
Paloma Faith	Loyal	GB
David Bowie	Modern Love - 2018 Remaster	GB
Devo	It's Not Right	US
3Teeth	Pit of Fire	US
Miguel	Sure Thing	US
Michael Jackson	Leave Me Alone - 2012 Remaster	US
LL Cool J	Phenomenon	US
Puscifer	Dozo	US
Origin	Bleed As Me	US
Hate	Generation Sulphur	PL
Skinless	The Hordes	US
Lik	To Kill	SE
George Michael	A Different Corner	GB
The Kooks	See Me Now	GB
Venom Prison	Implementing The Metaphysics of Morals	GB
tricot	TOKYO VAMPIRE HOTEL	JP
Repulsion	Acid Bath	US
The Penguins	Earth Angel	US
Limp Bizkit	Getcha Groove On	US
Insect Warfare	Manipulator	US
Nirvana	Negative Creep	US
Terrorizer	Strategic Warheads	US
Suicidal Tendencies	You Got, I Want	US
Minutemen	Untitled Song for Latin America	US
Floating Points	Vacuum Boogie	GB
MKTO	Classic	US
FKJ	Tui	FR
The Pointer Sisters	Fire	US
Gia Margaret	Groceries	US
Hollow Coves	The Woods	AU
Bat for Lashes	Vampires	GB
Green Day	Christian's Inferno	US
The McCoys	Hang On Sloopy	US
Avicii	Levels	SE
Mac DeMarco	Baby's Wearing Blue Jeans	CA
Glassjaw	Material Control	US
Kasabian	Twentyfourseven	GB
Northlane	Zero-One	AU
Prince	Pop Life	US
Mudvayne	Pharmaecopia	US
American Authors	Pride	US
Metallica	Damage Case	US
Sepultura	Inquisition Symphony	BR
Deicide	Slave To The Cross	US
Obscure Sphinx	Lunar Caustic	PL
Kriegsmaschine	The other death	PL
Liars	Cred Woes	US
Patrick Watson	Good Morning Mr. Wolf	CA
Moses Gunn Collective	Strawberry	AU
Mötley Crüe	In the Beginning	US
Dissection	Beyond the Horizon	SE
Pional	Tempest	ES
Kalabrese	Wanzka	DE
Darkthrone	A Blaze in the Northern Sky	NO
Sarcófago	The Black Vomit	BR
The Black Dog	Neither/Neither	GB
Bloodbath	Blood Vortex	SE
Beseech	Highwayman	SE
The Black Dahlia Murder	I'm Charming	US
Anaal Nathrakh	Sub Specie Aeterni (Of Maggots and Humanity)	GB
Gouge Away	Wilt (I Won't)	US
Jerry Martin	Mall Rat	US
Health	Flesh World (UK)	US
Doctor Rockit	Café De Flore	GB
Lou Doillon	Too much	FR
ABBA	Andante, Andante	SE
Wham!	Club Tropicana	GB
Terrorizer	Injustice	US
Death	Land of No Return	US
Throwing Snow	Recursion	GB
The Wedding Present	My Favourite Dress	GB
Demi Lovato	Sober	US
Ariana Grande	Why Try	US
Nicolas Jaar	Balance Her in Between Your Eyes	US
Sia	I'm in Here	AU
Iron Maiden	Can I Play With Madness - 2015 Remaster	GB
Ashbury Heights	Smaller	SE
Trouble	Snake Eyes	US
Alessia Cara	Stone	CA
Jorn	I Walk Alone	NO
Halford	Locked and Loaded	US
Iron Maiden	Phantom of the Opera - Live at the Hammersmith Odeon; 1998 Remastered Version	GB
Steven Wilson	Deform to Form a Star	GB
The Cure	Hot Hot Hot!!!	GB
Blackfield	Sorrys	GB
Sade	You're Not The Man	GB
Orphaned Land	Halo Dies (the Wrath Of God)	IL
Eluveitie	Uis Elveti	CH
The Microphones	You'll Be in the Air	US
Baths	Extrasolar	US
Chrome Sparks	In2 Your Love	US
Model Man	Ketones	GB
Sweet Trip	Air Supply	US
Jesus Piece	Oppressor	US
Beyoncé	Sweet Dreams	US
Fatboy Slim	Acid 8000	GB
Queen	Fun It	GB
Cypecore	The Alliance	DE
Chance the Rapper	Summer Friends (feat. Jeremih & Francis & The Lights)	US
Testament	Trial by Fire	US
Paul McCartney	Hope of Deliverance	GB
Depeche Mode	Leave in Silence	GB
The Clash	One More Time	GB
Funkadelic	Standing on the Verge of Getting It On	US
Yeasayer	Worms	US
Ski Mask the Slump God	Faucet Failure	US
Little Dragon	Lover Chanting - Edit	SE
Biosphere	The Silent Orchestra	NO
The Hollies	He Ain't Heavy He's My Brother	GB
Paul Desmond	O Gato	US
Solar Fields	Das Bungalow	SE
Dance With The Dead	There's A Storm Coming	US
6LACK	Free	US
Lemaitre	Rocket Girl (Feat. Betty Who)	NO
Dool	Love Like Blood	NL
Robbie Williams	Candy	GB
In the Valley Below	Peaches	US
Hyper	Spoiler	GB
Chevelle	The Fad	US
Mad Season	All Alone	US
Metro Area	Caught Up	US
Metronomy	Insecure	GB
O.S.T.R.	Asomia	PL
Eminem	Headlights	US
Emilie Nicolas	Naive	NO
Youth Code	ANAGNORISIS	US
Kauan	At	RU
Ghost Brigade	Lost in a Loop	FI
The Cure	alt.end	GB
Draconian	The Gothic Embrace	SE
The Hives	Wait A Minute	SE
Girls Aloud	Call the Shots	GB
The Birthday Massacre	Over	CA
Halsey	Sorry	US
Sugababes	Stronger	GB
Destroyer	Crimson Tide	CA
Oranssi Pazuzu	Uraanisula	FI
The Sonics	Walkin' The Dog	US
The Murder Capital	How the Streets Adore Me Now	IE
Blind Melon	Soul One	US
Grace VanderWaal	Moonlight	US
Diary of Dreams	Endless nights	DE
Dead Can Dance	Fortune Presents Gifts Not According to the Book	AU
The Stooges	We Will Fall	US
True Widow	Back Shredder	US
Ufomammut	Warsheep	IT
Björk	Harm of Will	IS
Astrid S	Closer	NO
Lady Gaga	I Don't Know What Love Is	US
Birdy	Save Yourself	GB
Kaunan	Elve Fert	DE
Danheim	Odinn	DK
Ochre	Glassmaker	GB
Coals	East Streets	PL
SCARLXRD	King, Scar.	GB
Keane	Leaving So Soon?	GB
Straylight Run	Hands in the Sky (Big Shot)	US
Max Richter	Arboretum	GB
Cult of Luna	Hollow	SE
Phosphorescent	Terror in the Canyons (The Wounded Master)	US
The Great Old Ones	The Ascend	FR
System of a Down	Snowblind	US
Lindsey Stirling	Artemis	US
Before the Dawn	Fear Me	FI
Celldweller	The Wings of Icarus	US
Bakermat	Lion	NL
Fink	Shakespeare	GB
Despised Icon	MVP	CA
Eminem	Rock Bottom	US
Craft	White Noise	SE
Behexen	Wrathful Dragon Hau-Hra	FI
Gamma Ray	Welcome	DE
Stars	Ageless Beauty	CA
Zack Hemsey	The Way	US
The Black Keys	It's Up to You Now	US
David Bowie	Star - 2012 Remastered Version	GB
Slipknot	People = Shit - Live In London 2002	US
Katatonia	Nowhere	SE
Kriegsmaschine	None shall see redemption	PL
Tiamat	The Garden of Heathen	SE
Månegarm	Slaget vid Bråvalla	SE
Dark Funeral	The Eternal Eclipse	SE
Norther	Down	FI
Therion	To Where I Weep	SE
Dita Von Teese	Rendez-vous	US
Destroyer	Song For America	CA
Beirut	Cliquot	US
Deicide	Bible Basher	US
Asphyx	The Krusher	NL
Agrypnie	Grenzgænger	DE
Bill Withers	Let Me in Your Life	US
Camera Obscura	This Is Love (Feels Alright)	GB
Ozzy Osbourne	A.V.H.	US
The Strokes	New York City Cops	US
Metá Metá	Trovoa	BR
Panda Bear	Tropic of Cancer	US
Dennis Lloyd	GFY	IL
Astrid S	The First One	NO
Forest Swords	An Hour	GB
Mötley Crüe	Dancing On Glass	US
Ramones	Locket Love	US
Myrkur	Himlen Blev Sort	DK
Ghostpoet	X Marks The Spot	GB
Mika	Paloma	GB
Tristania	...Postludium	NO
Tiamat	A Caress of Stars	SE
Blood Ceremony	Faunus	CA
Sirenia	Lethargica	NO
Louis Cole	After The Load Is Blown	US
Joe Satriani	Crushing Day	US
Janelle Monáe	Tightrope (feat. Big Boi)	US
Dermot Kennedy	All My Friends	IE
Kurtis Blow	The Breaks	US
Monster Magnet	When the Hammer Comes Down	US
Dead Can Dance	Song of the Nile	AU
Ayreon	Day Seventeen: Accident?	NL
Metallica	Disposable Heroes (Remastered)	US
Sentenced	May Today Become The Day	FI
Otis Rush	I Can't Quit You Baby	US
Kaz Bałagane	Trendsetter	PL
Kylie Minogue	Music's Too Sad Without You	AU
Usher	Climax	US
Volbeat	Devil or the Blue Cat's Song	DK
Ross From Friends	Parallel Sequence	GB
Whitesnake	Looking for Love	GB
Psychic Ills	Coca-Cola Blues	US
China Crisis	Black Man Ray	GB
DJ Krush	IGNITION	JP
Katatonia	In The White (Urban Dub)	SE
Jamiroquai	Black Capricorn Day	GB
The Zombies	Can't Nobody Love You	GB
Kent	Vi är för alltid	SE
Halsey	Young God	US
Grace	You Don't Own Me	GB
Король и Шут	Наблюдатель	RU
Король и Шут	Похороны панка	RU
Vashti Bunyan	Diamond Day	GB
Angel Olsen	Lonely Universe	US
Jesu	Sun Day	GB
Tycho	Brother	US
Sonic Youth	Early American	US
Deerhunter	Saved by Old Times	US
The Allman Brothers Band	Little Martha	US
Amon Düül II	She Came Through the Chimney	DE
Four Tet	Our Navigation	GB
Slomatics	Silver Ships Into The Future	IE
Morbid Angel	Trooper	US
The Crystal Method	Ten Miles Back	US
Christian McBride	I Have Dreamed	US
Frank Zappa	Jewish Princess	US
Belphegor	Legions of Destruction	AT
Flairs	Truckers Delight	FR
Misfits	Vivid Red	US
Capital Cities	Swimming Pool Summer	US
Circa Survive	Sharp Practice	US
Dean Martin	That's Amore - 1996 Digital Remaster	US
Morrissey	Let Me Kiss You - Remastered	GB
Chuck Berry	Carol	US
Jaye Jayle	No Trail: Path One	US
Church of the Cosmic Skull	The Devil Again	GB
John Williams	Lesson One	US
Yes	Love Will Find a Way	GB
D-A-D	Sleeping My Day Away	US
Bruce Springsteen	Does This Bus Stop at 82nd Street?	US
Schnipo Schranke	Haschproleten	DE
Molchat Doma	Прогноз	BY
Cathedral	Enter the Worms	GB
Pizzicato Five	Nata Di Marzo	JP
Callejon	Schwule Mädchen	DE
Annihilator	Annihilator	CA
Nifelheim	Sodomizer	SE
Temples	Fragment's Light	GB
Arcade Fire	Abraham's Daughter	CA
Natalia Lafourcade	Te Quiero Ver	MX
Jefferson Airplane	White Rabbit - mono single version	US
Rufus Thomas	Sixty Minute Man	US
Death in Vegas	Your Loft My Acid	GB
School of Seven Bells	Dust Devil	US
The Paragons	Quiet Place	JM
Chrome Sparks	Doubt, No	US
Haerts	No Love for the Wild	US
NOFX	Freedumb	US
Van Morrison	Real Real Gone	IE
